Metric,Score
Best CV Score,0.04443736613779783
Accuracy,0.6895710651939092
Precision,0.2956810631229236
Recall,0.02054715456539305
F1 Score,0.038424177010253635
ROC AUC,0.49703850050170567
