Metric,Score
Best CV Score,0.0064465784467912
Accuracy,0.7012787902017492
Precision,0.3194444444444444
Recall,0.002691002691002691
F1 Score,0.005337046061027961
ROC AUC,0.4979657295556461
